commodity_item,sites,acres_split,acres_any
AVOCADO,793,14272.3,25180.6
N-OUTDR CONTAINER/FLD GRWN PLANTS,273,3766.6,7265.2
LEMON,617,3659.5,10670.9
ORANGE,235,3229.8,10821.2
GRAPEFRUIT,100,2668.5,10645.3
OAT,30,1972.9,3566.8
N-OUTDR GRWN CUT FLWRS OR GREENS,140,1913.8,4824.3
TOMATO,65,1617.6,3769.5
N-GRNHS GRWN PLANTS IN CONTAINERS,180,1529.9,3737.2
TURF/SOD,4,1197.6,1197.6
GRAPE,266,1071.3,2650.6
WINE,246,947.8,2315.4
TANGERINE,53,872.7,4971.7
FARM/AG BUILDING,47,721.4,2132.3
POTATO,4,677.5,2226.5
RECREATION AREA,10,674.0,674.0
UNCULTIVATED AG,22,665.9,3051.7
WHEAT,4,661.6,1984.2
PERSIMMON,28,566.4,3426.1
BRUSSEL SPROUT,12,498.2,1052.7
TANGELO,17,458.6,1946.2
LANDSCAPE MAINTENANCE,38,392.6,448.1
POMEGRANATE,15,386.0,2593.5
KUMQUAT,18,310.8,1089.7
RYEGRAS FOR/FOD,10,288.6,865.0
N-GRNHS GRWN TRNSPLNT/PRPGTV MTRL,14,284.6,590.2
ALFALFA,5,235.3,1128.9
TROPICAL/SUBTROPICAL FRUIT,27,226.7,1480.7
GUAVA,26,223.8,1251.8
APPLE,25,221.6,1433.2
SOIL FUM/PREPLT,2,220.7,603.9
LIME,33,191.2,901.6
CITRUS,44,180.4,523.1
PEPPER FRUITNG,19,168.6,874.7
OLIVE,22,165.4,635.5
BARLEY FOR/FOD,8,142.6,367.9
OAT FOR/FOD,9,139.5,536.1
SQUASH,28,119.3,1537.3
PASTURELAND,5,117.4,569.3
UNCUL NON-AG,3,115.7,433.8
STRAWBERRY,28,105.5,1234.0
CHERIMOYA,10,94.7,991.1
CUCUMBER,26,85.9,1114.2
MANGO,5,85.7,899.7
POMELO,4,80.4,584.7
CORN,18,77.9,772.0
HUMAN CON,18,77.9,772.0
WATERMELON,10,72.4,682.9
SUDANGRASS,1,68.3,341.7
CLOVER,1,68.3,341.7
BEET,9,66.0,936.5
CARROT,9,63.7,903.0
BLUEBERRY,4,62.0,382.6
SPICE,15,59.9,601.1
HERB,15,59.9,601.1
PUMPKIN,13,58.9,525.3
BROCCOLI,14,55.0,855.5
BEAN SUCCULENT,7,51.0,702.0
BEEHIVE,1,48.2,675.3
OT-PALM,3,48.1,89.3
ONION GREEN,5,47.0,608.5
CABBAGE,13,46.6,662.7
PEAR,10,46.4,159.5
N-GRNHS GRWN CUT FLWRS OR GREENS,14,44.0,78.0
PEAS,8,41.9,596.2
PECAN,2,40.8,99.6
WHEAT FOR/FOD,7,40.4,163.6
KALE,17,37.0,492.3
LETTUCE LEAF,19,36.9,512.7
EGGPLANT,12,34.0,343.2
TURNIP,4,33.1,428.7
N-OUTDR GRWN TRNSPLNT/PRPGTV MTRL,5,32.4,45.9
EGG,2,31.3,44.1
SWISS CHARD,13,29.6,472.1
POME FRUIT,8,28.4,57.8
ONION DRY ETC,3,28.3,205.7
DATE,1,27.3,81.8
GARLIC,2,27.2,190.1
MELON,7,26.9,438.3
RADISH,8,25.2,434.2
COLLARD,5,24.3,289.9
OF-PALM,1,23.7,23.7
OP-PALM,2,21.3,59.2
ARTICHOKE,7,19.6,334.6
MUSTARD,5,19.3,288.0
GF-CHRSTMS TREE,1,18.0,18.0
ZUCCHINI,3,17.5,241.8
SWEET BASIL,14,17.4,315.3
PARSLEY,9,16.9,311.0
CAULIFLOWER,3,16.1,247.7
VEGETABLE LEAF,11,16.0,234.8
VEGETABLE,2,14.2,164.6
RASPBERRY,2,14.1,169.5
CHINESE GREEN,2,14.0,42.1
INDUSTRIAL SITE,1,12.8,25.6
BEAN DRIED,1,12.3,61.4
PEACH,8,12.0,82.3
HOPS,2,11.9,68.5
BEAN UNSPECIFD,6,11.7,205.9
ASIAN PEAR,2,11.2,79.7
STONE FRUIT,7,11.0,57.9
PLUM,8,10.3,125.7
CHERRY,3,9.6,77.0
PEPPER SPICE,2,8.5,196.4
GF-CACTUS,2,8.0,8.0
NECTARINE,3,8.0,94.4
PLUOT,1,6.9,62.5
WINTER,2,6.8,158.4
VEGETABLE ROOT,2,6.7,55.8
CHRISTMAS TREE,2,6.4,12.4
BLACKBERRY,3,6.3,58.0
RUTABAGA,1,6.1,139.2
QUINCE,3,5.8,50.7
SPINACH,6,5.7,130.7
GP-SUCCULENT,2,5.7,11.3
GP-CACTUS,2,5.7,11.3
CILANTRO,4,5.6,83.1
VEGETABLE FRTG,6,5.5,96.3
COLE CROP,5,5.4,90.1
MUSHROOM,1,4.5,8.9
MUSHROOM HOUSE,1,4.5,8.9
FIG,5,4.3,95.1
MINT,3,3.9,40.6
KIWI,1,3.5,35.2
SWEET,4,3.1,72.1
GINGER,4,3.1,72.1
CELERY,2,2.9,28.3
ARUGULA,2,2.6,37.8
GRAIN,1,2.5,2.5
CEL,1,2.5,57.2
CARDOON,1,2.5,57.2
OKRA,2,2.4,36.0
ROSEMARY,2,2.3,35.9
SAGE,2,2.3,35.9
TARRAGON,1,2.2,35.1
CHERVIL,1,2.2,35.1
DILL,1,2.2,35.1
THYME,1,2.2,35.1
COMM. FUMIGATN,2,2.2,2.2
EDIBLE LEAVED,1,2.1,18.9
CHRYSANTHEMUM,1,2.1,18.9
TOMATILLO,3,1.7,39.6
APRICOT,2,1.5,13.3
MACADAMIA NUT,2,1.4,12.0
NUTS,1,1.2,1.2
OP-FOLIAGE PLNT,1,1.2,2.3
SOIL,1,1.1,24.0
GF-HOUSE PLANT,1,0.8,0.8
JUJUBE,1,0.8,6.9
L,1,0.8,19.3
SUMMER,1,0.8,19.3
WALNUT,1,0.7,19.4
ALMOND,1,0.7,19.4
RHUBARB,1,0.7,19.4
EDIBLE FLOWERS,1,0.5,2.7
VEGETABLE SEED,1,0.5,2.7
VEGETABLE STEM,1,0.5,2.7
BOK CHOY LSE LF,2,0.5,4.0
BERRY,1,0.4,8.0
BANANA,1,0.4,8.0
SUGARCANE,1,0.4,8.0
FRUIT,1,0.4,8.0
ORCHARD FLOOR,1,0.3,1.2
ENDIVE (ESCAROLE),2,0.2,2.2
LANDSCAPE/PARK,1,0.2,0.4
OP-SUCCULENT,1,0.2,0.2
FENNEL,1,0.1,0.8
ANISE,1,0.1,0.8
