item,sites
HUMAN CON,18
SPICE,15
UNKNOWN,14
PARSLEY,9
MUSTARD,5
COLE CROP,5
COLLARD,5
GINGER,4
TURNIP,4
SWEET,4
MINT,3
TOMATILLO,3
QUINCE,3
OT-PALM,3
ZUCCHINI,3
ARUGULA,2
HOPS,2
EGG,2
OKRA,2
CHRISTMAS TREE,2
SAGE,2
CHINESE GREEN,2
COMM. FUMIGATN,2
GP-SUCCULENT,2
GP-CACTUS,2
SOIL FUM/PREPLT,2
BOK CHOY LSE LF,2
ROSEMARY,2
GF-CACTUS,2
WINTER,2
ENDIVE (ESCAROLE),2
OP-PALM,2
SUGARCANE,1
CHERVIL,1
EDIBLE LEAVED,1
SUMMER,1
CEL,1
TARRAGON,1
THYME,1
CARDOON,1
BEEHIVE,1
SOIL,1
CHRYSANTHEMUM,1
RUTABAGA,1
RHUBARB,1
PLUOT,1
OP-SUCCULENT,1
OP-FOLIAGE PLNT,1
OF-PALM,1
CLOVER,1
L,1
DILL,1
GF-HOUSE PLANT,1
GF-CHRSTMS TREE,1
FENNEL,1
ANISE,1
