item,sites,acres
SOIL FUM/PREPLT,2,247.8
HUMAN CON,18,77.9
CLOVER,1,68.3
SPICE,15,62.3
BEEHIVE,1,48.2
OT-PALM,3,48.1
EGG,2,44.1
COLLARD,5,24.3
OF-PALM,1,23.7
OP-PALM,2,21.3
MUSTARD,5,19.3
GF-CHRSTMS TREE,1,18.0
HOPS,2,15.6
CHINESE GREEN,2,14.0
GF-CACTUS,2,8.0
PLUOT,1,7.8
WINTER,2,6.9
RUTABAGA,1,6.1
QUINCE,3,5.8
GP-CACTUS,2,5.7
GP-SUCCULENT,2,5.7
COLE CROP,5,5.4
MINT,3,3.9
GINGER,4,3.1
SWEET,4,3.1
CEL,1,2.5
CARDOON,1,2.5
EDIBLE LEAVED,1,2.4
CHRYSANTHEMUM,1,2.4
SAGE,2,2.3
ROSEMARY,2,2.3
TARRAGON,1,2.2
CHERVIL,1,2.2
DILL,1,2.2
THYME,1,2.2
COMM. FUMIGATN,2,2.2
TOMATILLO,3,1.7
OP-FOLIAGE PLNT,1,1.2
SOIL,1,1.1
GF-HOUSE PLANT,1,0.8
L,1,0.8
SUMMER,1,0.8
RHUBARB,1,0.7
BOK CHOY LSE LF,2,0.5
SUGARCANE,1,0.4
ENDIVE (ESCAROLE),2,0.2
OP-SUCCULENT,1,0.2
FENNEL,1,0.1
ANISE,1,0.1
